[train] n_envs=1
[train] book_path=/home/joyce/test.csv
[train] trade_path=/home/joyce/test_trades.csv
[train] snapshot_path=/home/joyce/projects/data/raw/tardis/BTCUSDT/snapshot_25/test_book.csv
[train] device=cpu
Using cpu device
Wrapping the env with a `Monitor` wrapper
Wrapping the env in a DummyVecEnv.
---------------------------------
| rollout/           |          |
|    ep_len_mean     | 17.9     |
|    ep_rew_mean     | -0.087   |
| time/              |          |
|    fps             | 1        |
|    iterations      | 1        |
|    time_elapsed    | 175      |
|    total_timesteps | 256      |
---------------------------------
-----------------------------------------
| rollout/                |             |
|    ep_len_mean          | 14.6        |
|    ep_rew_mean          | -0.0738     |
| time/                   |             |
|    fps                  | 1           |
|    iterations           | 2           |
|    time_elapsed         | 444         |
|    total_timesteps      | 512         |
| train/                  |             |
|    approx_kl            | 0.016083788 |
|    clip_fraction        | 0.0902      |
|    clip_range           | 0.2         |
|    entropy_loss         | -1.6        |
|    explained_variance   | -0.00034    |
|    learning_rate        | 0.0003      |
|    loss                 | 0.0658      |
|    n_updates            | 10          |
|    policy_gradient_loss | -0.0176     |
|    value_loss           | 0.428       |
-----------------------------------------
-----------------------------------------
| rollout/                |             |
|    ep_len_mean          | 14.4        |
|    ep_rew_mean          | -0.0747     |
| time/                   |             |
|    fps                  | 1           |
|    iterations           | 3           |
|    time_elapsed         | 682         |
|    total_timesteps      | 768         |
| train/                  |             |
|    approx_kl            | 0.011787791 |
|    clip_fraction        | 0.0434      |
|    clip_range           | 0.2         |
|    entropy_loss         | -1.58       |
|    explained_variance   | -1.19e-07   |
|    learning_rate        | 0.0003      |
|    loss                 | -0.0207     |
|    n_updates            | 20          |
|    policy_gradient_loss | -0.00997    |
|    value_loss           | 0.0329      |
-----------------------------------------
-----------------------------------------
| rollout/                |             |
|    ep_len_mean          | 12.9        |
|    ep_rew_mean          | -0.0672     |
| time/                   |             |
|    fps                  | 1           |
|    iterations           | 4           |
|    time_elapsed         | 1005        |
|    total_timesteps      | 1024        |
| train/                  |             |
|    approx_kl            | 0.015190458 |
|    clip_fraction        | 0.208       |
|    clip_range           | 0.2         |
|    entropy_loss         | -1.53       |
|    explained_variance   | 0           |
|    learning_rate        | 0.0003      |
|    loss                 | -0.0246     |
|    n_updates            | 30          |
|    policy_gradient_loss | -0.0191     |
|    value_loss           | 0.00339     |
-----------------------------------------
-----------------------------------------
| rollout/                |             |
|    ep_len_mean          | 11.7        |
|    ep_rew_mean          | -0.0608     |
| time/                   |             |
|    fps                  | 0           |
|    iterations           | 5           |
|    time_elapsed         | 1367        |
|    total_timesteps      | 1280        |
| train/                  |             |
|    approx_kl            | 0.020020649 |
|    clip_fraction        | 0.12        |
|    clip_range           | 0.2         |
|    entropy_loss         | -1.48       |
|    explained_variance   | 5.96e-08    |
|    learning_rate        | 0.0003      |
|    loss                 | -0.0495     |
|    n_updates            | 40          |
|    policy_gradient_loss | -0.0228     |
|    value_loss           | 0.00133     |
-----------------------------------------
-----------------------------------------
| rollout/                |             |
|    ep_len_mean          | 9.49        |
|    ep_rew_mean          | -0.0475     |
| time/                   |             |
|    fps                  | 0           |
|    iterations           | 6           |
|    time_elapsed         | 1736        |
|    total_timesteps      | 1536        |
| train/                  |             |
|    approx_kl            | 0.025917592 |
|    clip_fraction        | 0.252       |
|    clip_range           | 0.2         |
|    entropy_loss         | -1.33       |
|    explained_variance   | 0           |
|    learning_rate        | 0.0003      |
|    loss                 | -0.0242     |
|    n_updates            | 50          |
|    policy_gradient_loss | -0.017      |
|    value_loss           | 0.000502    |
-----------------------------------------
-----------------------------------------
| rollout/                |             |
|    ep_len_mean          | 8.01        |
|    ep_rew_mean          | -0.0371     |
| time/                   |             |
|    fps                  | 0           |
|    iterations           | 7           |
|    time_elapsed         | 2163        |
|    total_timesteps      | 1792        |
| train/                  |             |
|    approx_kl            | 0.016120533 |
|    clip_fraction        | 0.0391      |
|    clip_range           | 0.2         |
|    entropy_loss         | -1.19       |
|    explained_variance   | 0           |
|    learning_rate        | 0.0003      |
|    loss                 | -0.0413     |
|    n_updates            | 60          |
|    policy_gradient_loss | -0.0135     |
|    value_loss           | 0.000307    |
-----------------------------------------
-----------------------------------------
| rollout/                |             |
|    ep_len_mean          | 6.75        |
|    ep_rew_mean          | -0.0303     |
| time/                   |             |
|    fps                  | 0           |
|    iterations           | 8           |
|    time_elapsed         | 2664        |
|    total_timesteps      | 2048        |
| train/                  |             |
|    approx_kl            | 0.024332726 |
|    clip_fraction        | 0.152       |
|    clip_range           | 0.2         |
|    entropy_loss         | -0.95       |
|    explained_variance   | 0           |
|    learning_rate        | 0.0003      |
|    loss                 | -0.00815    |
|    n_updates            | 70          |
|    policy_gradient_loss | -0.0165     |
|    value_loss           | 0.000163    |
-----------------------------------------
-----------------------------------------
| rollout/                |             |
|    ep_len_mean          | 6.16        |
|    ep_rew_mean          | -0.0269     |
| time/                   |             |
|    fps                  | 0           |
|    iterations           | 9           |
|    time_elapsed         | 3250        |
|    total_timesteps      | 2304        |
| train/                  |             |
|    approx_kl            | 0.013218993 |
|    clip_fraction        | 0.057       |
|    clip_range           | 0.2         |
|    entropy_loss         | -0.784      |
|    explained_variance   | 0           |
|    learning_rate        | 0.0003      |
|    loss                 | -0.0204     |
|    n_updates            | 80          |
|    policy_gradient_loss | -0.0139     |
|    value_loss           | 0.000118    |
-----------------------------------------
-----------------------------------------
| rollout/                |             |
|    ep_len_mean          | 5.84        |
|    ep_rew_mean          | -0.0252     |
| time/                   |             |
|    fps                  | 0           |
|    iterations           | 10          |
|    time_elapsed         | 3599        |
|    total_timesteps      | 2560        |
| train/                  |             |
|    approx_kl            | 0.013013907 |
|    clip_fraction        | 0.0836      |
|    clip_range           | 0.2         |
|    entropy_loss         | -0.595      |
|    explained_variance   | 0           |
|    learning_rate        | 0.0003      |
|    loss                 | -0.0284     |
|    n_updates            | 90          |
|    policy_gradient_loss | -0.016      |
|    value_loss           | 0.000103    |
-----------------------------------------
------------------------------------------
| rollout/                |              |
|    ep_len_mean          | 5.58         |
|    ep_rew_mean          | -0.0236      |
| time/                   |              |
|    fps                  | 0            |
|    iterations           | 11           |
|    time_elapsed         | 3945         |
|    total_timesteps      | 2816         |
| train/                  |              |
|    approx_kl            | 0.0056211352 |
|    clip_fraction        | 0.0391       |
|    clip_range           | 0.2          |
|    entropy_loss         | -0.464       |
|    explained_variance   | -0.142       |
|    learning_rate        | 0.0003       |
|    loss                 | -0.016       |
|    n_updates            | 100          |
|    policy_gradient_loss | -0.0086      |
|    value_loss           | 0.000104     |
------------------------------------------
------------------------------------------
| rollout/                |              |
|    ep_len_mean          | 5.37         |
|    ep_rew_mean          | -0.022       |
| time/                   |              |
|    fps                  | 0            |
|    iterations           | 12           |
|    time_elapsed         | 4299         |
|    total_timesteps      | 3072         |
| train/                  |              |
|    approx_kl            | 0.0024538676 |
|    clip_fraction        | 0.0129       |
|    clip_range           | 0.2          |
|    entropy_loss         | -0.378       |
|    explained_variance   | 0            |
|    learning_rate        | 0.0003       |
|    loss                 | -0.00757     |
|    n_updates            | 110          |
|    policy_gradient_loss | -0.00357     |
|    value_loss           | 7.17e-05     |
------------------------------------------
-------------------------------------------
| rollout/                |               |
|    ep_len_mean          | 5.3           |
|    ep_rew_mean          | -0.0217       |
| time/                   |               |
|    fps                  | 0             |
|    iterations           | 13            |
|    time_elapsed         | 4647          |
|    total_timesteps      | 3328          |
| train/                  |               |
|    approx_kl            | 0.00088315806 |
|    clip_fraction        | 0.00391       |
|    clip_range           | 0.2           |
|    entropy_loss         | -0.327        |
|    explained_variance   | 1.19e-07      |
|    learning_rate        | 0.0003        |
|    loss                 | -0.00283      |
|    n_updates            | 120           |
|    policy_gradient_loss | -0.00183      |
|    value_loss           | 6.64e-05      |
-------------------------------------------
------------------------------------------
| rollout/                |              |
|    ep_len_mean          | 5.29         |
|    ep_rew_mean          | -0.0217      |
| time/                   |              |
|    fps                  | 0            |
|    iterations           | 14           |
|    time_elapsed         | 5008         |
|    total_timesteps      | 3584         |
| train/                  |              |
|    approx_kl            | 0.0031646767 |
|    clip_fraction        | 0.0164       |
|    clip_range           | 0.2          |
|    entropy_loss         | -0.281       |
|    explained_variance   | 0            |
|    learning_rate        | 0.0003       |
|    loss                 | -0.00727     |
|    n_updates            | 130          |
|    policy_gradient_loss | -0.00611     |
|    value_loss           | 7.11e-05     |
------------------------------------------
------------------------------------------
| rollout/                |              |
|    ep_len_mean          | 5.19         |
|    ep_rew_mean          | -0.021       |
| time/                   |              |
|    fps                  | 0            |
|    iterations           | 15           |
|    time_elapsed         | 5376         |
|    total_timesteps      | 3840         |
| train/                  |              |
|    approx_kl            | 0.0010128238 |
|    clip_fraction        | 0.00391      |
|    clip_range           | 0.2          |
|    entropy_loss         | -0.226       |
|    explained_variance   | 0            |
|    learning_rate        | 0.0003       |
|    loss                 | -0.00424     |
|    n_updates            | 140          |
|    policy_gradient_loss | -0.00244     |
|    value_loss           | 6.37e-05     |
------------------------------------------
------------------------------------------
| rollout/                |              |
|    ep_len_mean          | 5.11         |
|    ep_rew_mean          | -0.0206      |
| time/                   |              |
|    fps                  | 0            |
|    iterations           | 16           |
|    time_elapsed         | 5744         |
|    total_timesteps      | 4096         |
| train/                  |              |
|    approx_kl            | 0.0009002597 |
|    clip_fraction        | 0.00273      |
|    clip_range           | 0.2          |
|    entropy_loss         | -0.19        |
|    explained_variance   | 7.99e-06     |
|    learning_rate        | 0.0003       |
|    loss                 | -0.000975    |
|    n_updates            | 150          |
|    policy_gradient_loss | -0.00163     |
|    value_loss           | 0.000566     |
------------------------------------------
-------------------------------------------
| rollout/                |               |
|    ep_len_mean          | 5.09          |
|    ep_rew_mean          | -0.0205       |
| time/                   |               |
|    fps                  | 0             |
|    iterations           | 17            |
|    time_elapsed         | 6112          |
|    total_timesteps      | 4352          |
| train/                  |               |
|    approx_kl            | 0.00091288285 |
|    clip_fraction        | 0.0043        |
|    clip_range           | 0.2           |
|    entropy_loss         | -0.157        |
|    explained_variance   | 0             |
|    learning_rate        | 0.0003        |
|    loss                 | -0.00733      |
|    n_updates            | 160           |
|    policy_gradient_loss | -0.00243      |
|    value_loss           | 0.000153      |
-------------------------------------------
------------------------------------------
| rollout/                |              |
|    ep_len_mean          | 5.07         |
|    ep_rew_mean          | -0.0204      |
| time/                   |              |
|    fps                  | 0            |
|    iterations           | 18           |
|    time_elapsed         | 6489         |
|    total_timesteps      | 4608         |
| train/                  |              |
|    approx_kl            | 0.0003230921 |
|    clip_fraction        | 0.00195      |
|    clip_range           | 0.2          |
|    entropy_loss         | -0.135       |
|    explained_variance   | 0            |
|    learning_rate        | 0.0003       |
|    loss                 | -0.00402     |
|    n_updates            | 170          |
|    policy_gradient_loss | -0.00164     |
|    value_loss           | 7.94e-05     |
------------------------------------------
-------------------------------------------
| rollout/                |               |
|    ep_len_mean          | 5.12          |
|    ep_rew_mean          | -0.0207       |
| time/                   |               |
|    fps                  | 0             |
|    iterations           | 19            |
|    time_elapsed         | 6845          |
|    total_timesteps      | 4864          |
| train/                  |               |
|    approx_kl            | 0.00046630506 |
|    clip_fraction        | 0.00234       |
|    clip_range           | 0.2           |
|    entropy_loss         | -0.122        |
|    explained_variance   | 0             |
|    learning_rate        | 0.0003        |
|    loss                 | -0.00369      |
|    n_updates            | 180           |
|    policy_gradient_loss | -0.00144      |
|    value_loss           | 6.21e-05      |
-------------------------------------------
------------------------------------------
| rollout/                |              |
|    ep_len_mean          | 5.11         |
|    ep_rew_mean          | -0.0206      |
| time/                   |              |
|    fps                  | 0            |
|    iterations           | 20           |
|    time_elapsed         | 7222         |
|    total_timesteps      | 5120         |
| train/                  |              |
|    approx_kl            | 0.0010723092 |
|    clip_fraction        | 0.00586      |
|    clip_range           | 0.2          |
|    entropy_loss         | -0.103       |
|    explained_variance   | 0            |
|    learning_rate        | 0.0003       |
|    loss                 | -0.00382     |
|    n_updates            | 190          |
|    policy_gradient_loss | -0.0021      |
|    value_loss           | 6.42e-05     |
------------------------------------------
-------------------------------------------
| rollout/                |               |
|    ep_len_mean          | 5.03          |
|    ep_rew_mean          | -0.0201       |
| time/                   |               |
|    fps                  | 0             |
|    iterations           | 21            |
|    time_elapsed         | 7595          |
|    total_timesteps      | 5376          |
| train/                  |               |
|    approx_kl            | 1.6708625e-05 |
|    clip_fraction        | 0             |
|    clip_range           | 0.2           |
|    entropy_loss         | -0.088        |
|    explained_variance   | 5.96e-08      |
|    learning_rate        | 0.0003        |
|    loss                 | -0.000471     |
|    n_updates            | 200           |
|    policy_gradient_loss | 1.39e-05      |
|    value_loss           | 5.71e-05      |
-------------------------------------------
------------------------------------------
| rollout/                |              |
|    ep_len_mean          | 5.04         |
|    ep_rew_mean          | -0.0202      |
| time/                   |              |
|    fps                  | 0            |
|    iterations           | 22           |
|    time_elapsed         | 7962         |
|    total_timesteps      | 5632         |
| train/                  |              |
|    approx_kl            | 4.899036e-05 |
|    clip_fraction        | 0            |
|    clip_range           | 0.2          |
|    entropy_loss         | -0.089       |
|    explained_variance   | 0            |
|    learning_rate        | 0.0003       |
|    loss                 | -6.3e-05     |
|    n_updates            | 210          |
|    policy_gradient_loss | -0.000133    |
|    value_loss           | 5.64e-05     |
------------------------------------------
-------------------------------------------
| rollout/                |               |
|    ep_len_mean          | 5.07          |
|    ep_rew_mean          | -0.0205       |
| time/                   |               |
|    fps                  | 0             |
|    iterations           | 23            |
|    time_elapsed         | 8323          |
|    total_timesteps      | 5888          |
| train/                  |               |
|    approx_kl            | 6.9243833e-07 |
|    clip_fraction        | 0             |
|    clip_range           | 0.2           |
|    entropy_loss         | -0.0915       |
|    explained_variance   | 0             |
|    learning_rate        | 0.0003        |
|    loss                 | -6.43e-05     |
|    n_updates            | 220           |
|    policy_gradient_loss | 9.5e-06       |
|    value_loss           | 5.63e-05      |
-------------------------------------------
------------------------------------------
| rollout/                |              |
|    ep_len_mean          | 5.08         |
|    ep_rew_mean          | -0.0206      |
| time/                   |              |
|    fps                  | 0            |
|    iterations           | 24           |
|    time_elapsed         | 8691         |
|    total_timesteps      | 6144         |
| train/                  |              |
|    approx_kl            | 0.0010262995 |
|    clip_fraction        | 0.00742      |
|    clip_range           | 0.2          |
|    entropy_loss         | -0.0817      |
|    explained_variance   | 0            |
|    learning_rate        | 0.0003       |
|    loss                 | -0.00384     |
|    n_updates            | 230          |
|    policy_gradient_loss | -0.00448     |
|    value_loss           | 6.16e-05     |
------------------------------------------
-------------------------------------------
| rollout/                |               |
|    ep_len_mean          | 5.04          |
|    ep_rew_mean          | -0.0202       |
| time/                   |               |
|    fps                  | 0             |
|    iterations           | 25            |
|    time_elapsed         | 9097          |
|    total_timesteps      | 6400          |
| train/                  |               |
|    approx_kl            | 3.0030962e-05 |
|    clip_fraction        | 0             |
|    clip_range           | 0.2           |
|    entropy_loss         | -0.0681       |
|    explained_variance   | 0             |
|    learning_rate        | 0.0003        |
|    loss                 | 0.000432      |
|    n_updates            | 240           |
|    policy_gradient_loss | -3.76e-05     |
|    value_loss           | 5.66e-05      |
-------------------------------------------
------------------------------------------
| rollout/                |              |
|    ep_len_mean          | 5.02         |
|    ep_rew_mean          | -0.0202      |
| time/                   |              |
|    fps                  | 0            |
|    iterations           | 26           |
|    time_elapsed         | 9530         |
|    total_timesteps      | 6656         |
| train/                  |              |
|    approx_kl            | 0.0001097261 |
|    clip_fraction        | 0.000391     |
|    clip_range           | 0.2          |
|    entropy_loss         | -0.0641      |
|    explained_variance   | 0            |
|    learning_rate        | 0.0003       |
|    loss                 | -0.00435     |
|    n_updates            | 250          |
|    policy_gradient_loss | -0.00103     |
|    value_loss           | 5.58e-05     |
------------------------------------------
------------------------------------------
| rollout/                |              |
|    ep_len_mean          | 5.03         |
|    ep_rew_mean          | -0.0203      |
| time/                   |              |
|    fps                  | 0            |
|    iterations           | 27           |
|    time_elapsed         | 9984         |
|    total_timesteps      | 6912         |
| train/                  |              |
|    approx_kl            | 0.0005737697 |
|    clip_fraction        | 0.00313      |
|    clip_range           | 0.2          |
|    entropy_loss         | -0.0566      |
|    explained_variance   | 0            |
|    learning_rate        | 0.0003       |
|    loss                 | -0.000612    |
|    n_updates            | 260          |
|    policy_gradient_loss | -0.00225     |
|    value_loss           | 5.63e-05     |
------------------------------------------
-------------------------------------------
| rollout/                |               |
|    ep_len_mean          | 5.02          |
|    ep_rew_mean          | -0.0202       |
| time/                   |               |
|    fps                  | 0             |
|    iterations           | 28            |
|    time_elapsed         | 10446         |
|    total_timesteps      | 7168          |
| train/                  |               |
|    approx_kl            | 0.00025171973 |
|    clip_fraction        | 0.00195       |
|    clip_range           | 0.2           |
|    entropy_loss         | -0.0464       |
|    explained_variance   | 5.96e-08      |
|    learning_rate        | 0.0003        |
|    loss                 | -0.00492      |
|    n_updates            | 270           |
|    policy_gradient_loss | -0.00168      |
|    value_loss           | 5.7e-05       |
-------------------------------------------
---------------------------------------
| rollout/                |           |
|    ep_len_mean          | 5.02      |
|    ep_rew_mean          | -0.0201   |
| time/                   |           |
|    fps                  | 0         |
|    iterations           | 29        |
|    time_elapsed         | 10902     |
|    total_timesteps      | 7424      |
| train/                  |           |
|    approx_kl            | 0.0       |
|    clip_fraction        | 0         |
|    clip_range           | 0.2       |
|    entropy_loss         | -0.0415   |
|    explained_variance   | 0         |
|    learning_rate        | 0.0003    |
|    loss                 | -1.41e-05 |
|    n_updates            | 280       |
|    policy_gradient_loss | -4.63e-09 |
|    value_loss           | 5.44e-05  |
---------------------------------------
------------------------------------------
| rollout/                |              |
|    ep_len_mean          | 5.02         |
|    ep_rew_mean          | -0.0201      |
| time/                   |              |
|    fps                  | 0            |
|    iterations           | 30           |
|    time_elapsed         | 11350        |
|    total_timesteps      | 7680         |
| train/                  |              |
|    approx_kl            | 8.575991e-05 |
|    clip_fraction        | 0            |
|    clip_range           | 0.2          |
|    entropy_loss         | -0.0393      |
|    explained_variance   | 5.96e-08     |
|    learning_rate        | 0.0003       |
|    loss                 | -0.000501    |
|    n_updates            | 290          |
|    policy_gradient_loss | -0.000556    |
|    value_loss           | 5.62e-05     |
------------------------------------------
---------------------------------------
| rollout/                |           |
|    ep_len_mean          | 5         |
|    ep_rew_mean          | -0.02     |
| time/                   |           |
|    fps                  | 0         |
|    iterations           | 31        |
|    time_elapsed         | 11815     |
|    total_timesteps      | 7936      |
| train/                  |           |
|    approx_kl            | 0.0       |
|    clip_fraction        | 0         |
|    clip_range           | 0.2       |
|    entropy_loss         | -0.0357   |
|    explained_variance   | 0         |
|    learning_rate        | 0.0003    |
|    loss                 | -8.4e-06  |
|    n_updates            | 300       |
|    policy_gradient_loss | -1.07e-09 |
|    value_loss           | 5.49e-05  |
---------------------------------------
---------------------------------------
| rollout/                |           |
|    ep_len_mean          | 5.03      |
|    ep_rew_mean          | -0.0202   |
| time/                   |           |
|    fps                  | 0         |
|    iterations           | 32        |
|    time_elapsed         | 12265     |
|    total_timesteps      | 8192      |
| train/                  |           |
|    approx_kl            | 0.0       |
|    clip_fraction        | 0         |
|    clip_range           | 0.2       |
|    entropy_loss         | -0.0349   |
|    explained_variance   | -1.19e-07 |
|    learning_rate        | 0.0003    |
|    loss                 | -9.65e-06 |
|    n_updates            | 310       |
|    policy_gradient_loss | 6.61e-09  |
|    value_loss           | 5.42e-05  |
---------------------------------------
------------------------------------------
| rollout/                |              |
|    ep_len_mean          | 5.06         |
|    ep_rew_mean          | -0.0204      |
| time/                   |              |
|    fps                  | 0            |
|    iterations           | 33           |
|    time_elapsed         | 12709        |
|    total_timesteps      | 8448         |
| train/                  |              |
|    approx_kl            | 0.0003706247 |
|    clip_fraction        | 0.00195      |
|    clip_range           | 0.2          |
|    entropy_loss         | -0.0319      |
|    explained_variance   | 0            |
|    learning_rate        | 0.0003       |
|    loss                 | -0.00728     |
|    n_updates            | 320          |
|    policy_gradient_loss | -0.00194     |
|    value_loss           | 5.77e-05     |
------------------------------------------
-------------------------------------------
| rollout/                |               |
|    ep_len_mean          | 5.04          |
|    ep_rew_mean          | -0.0202       |
| time/                   |               |
|    fps                  | 0             |
|    iterations           | 34            |
|    time_elapsed         | 13175         |
|    total_timesteps      | 8704          |
| train/                  |               |
|    approx_kl            | 0.00038741273 |
|    clip_fraction        | 0.00234       |
|    clip_range           | 0.2           |
|    entropy_loss         | -0.0258       |
|    explained_variance   | 0             |
|    learning_rate        | 0.0003        |
|    loss                 | -0.00199      |
|    n_updates            | 330           |
|    policy_gradient_loss | -0.000821     |
|    value_loss           | 5.72e-05      |
-------------------------------------------
------------------------------------------
| rollout/                |              |
|    ep_len_mean          | 5.01         |
|    ep_rew_mean          | -0.02        |
| time/                   |              |
|    fps                  | 0            |
|    iterations           | 35           |
|    time_elapsed         | 13637        |
|    total_timesteps      | 8960         |
| train/                  |              |
|    approx_kl            | 9.714626e-06 |
|    clip_fraction        | 0            |
|    clip_range           | 0.2          |
|    entropy_loss         | -0.0232      |
|    explained_variance   | 0            |
|    learning_rate        | 0.0003       |
|    loss                 | -0.000288    |
|    n_updates            | 340          |
|    policy_gradient_loss | -3.53e-06    |
|    value_loss           | 5.63e-05     |
------------------------------------------
---------------------------------------
| rollout/                |           |
|    ep_len_mean          | 5.01      |
|    ep_rew_mean          | -0.0201   |
| time/                   |           |
|    fps                  | 0         |
|    iterations           | 36        |
|    time_elapsed         | 14094     |
|    total_timesteps      | 9216      |
| train/                  |           |
|    approx_kl            | 0.0       |
|    clip_fraction        | 0         |
|    clip_range           | 0.2       |
|    entropy_loss         | -0.0232   |
|    explained_variance   | -1.19e-07 |
|    learning_rate        | 0.0003    |
|    loss                 | 2.79e-06  |
|    n_updates            | 350       |
|    policy_gradient_loss | 4.47e-09  |
|    value_loss           | 5.61e-05  |
---------------------------------------
-------------------------------------------
| rollout/                |               |
|    ep_len_mean          | 5.01          |
|    ep_rew_mean          | -0.0201       |
| time/                   |               |
|    fps                  | 0             |
|    iterations           | 37            |
|    time_elapsed         | 14557         |
|    total_timesteps      | 9472          |
| train/                  |               |
|    approx_kl            | 5.1734038e-05 |
|    clip_fraction        | 0             |
|    clip_range           | 0.2           |
|    entropy_loss         | -0.0225       |
|    explained_variance   | 0             |
|    learning_rate        | 0.0003        |
|    loss                 | -0.00193      |
|    n_updates            | 360           |
|    policy_gradient_loss | -0.000379     |
|    value_loss           | 5.71e-05      |
-------------------------------------------
---------------------------------------
| rollout/                |           |
|    ep_len_mean          | 5         |
|    ep_rew_mean          | -0.02     |
| time/                   |           |
|    fps                  | 0         |
|    iterations           | 38        |
|    time_elapsed         | 15005     |
|    total_timesteps      | 9728      |
| train/                  |           |
|    approx_kl            | 0.0       |
|    clip_fraction        | 0         |
|    clip_range           | 0.2       |
|    entropy_loss         | -0.0204   |
|    explained_variance   | -1.19e-07 |
|    learning_rate        | 0.0003    |
|    loss                 | 7.84e-06  |
|    n_updates            | 370       |
|    policy_gradient_loss | 1.05e-09  |
|    value_loss           | 5.57e-05  |
---------------------------------------
--------------------------------------
| rollout/                |          |
|    ep_len_mean          | 5.01     |
|    ep_rew_mean          | -0.0201  |
| time/                   |          |
|    fps                  | 0        |
|    iterations           | 39       |
|    time_elapsed         | 15521    |
|    total_timesteps      | 9984     |
| train/                  |          |
|    approx_kl            | 0.0      |
|    clip_fraction        | 0        |
|    clip_range           | 0.2      |
|    entropy_loss         | -0.0199  |
|    explained_variance   | 0        |
|    learning_rate        | 0.0003   |
|    loss                 | 5.43e-06 |
|    n_updates            | 380      |
|    policy_gradient_loss | 7.12e-09 |
|    value_loss           | 5.58e-05 |
--------------------------------------
-----------------------------------------
| rollout/                |             |
|    ep_len_mean          | 5.01        |
|    ep_rew_mean          | -0.0201     |
| time/                   |             |
|    fps                  | 0           |
|    iterations           | 40          |
|    time_elapsed         | 15902       |
|    total_timesteps      | 10240       |
| train/                  |             |
|    approx_kl            | 9.77302e-05 |
|    clip_fraction        | 0.000391    |
|    clip_range           | 0.2         |
|    entropy_loss         | -0.0192     |
|    explained_variance   | 1.19e-07    |
|    learning_rate        | 0.0003      |
|    loss                 | -0.00259    |
|    n_updates            | 390         |
|    policy_gradient_loss | -0.000546   |
|    value_loss           | 5.52e-05    |
-----------------------------------------
---------------------------------------
| rollout/                |           |
|    ep_len_mean          | 5         |
|    ep_rew_mean          | -0.02     |
| time/                   |           |
|    fps                  | 0         |
|    iterations           | 41        |
|    time_elapsed         | 16279     |
|    total_timesteps      | 10496     |
| train/                  |           |
|    approx_kl            | 0.0       |
|    clip_fraction        | 0         |
|    clip_range           | 0.2       |
|    entropy_loss         | -0.0176   |
|    explained_variance   | 0         |
|    learning_rate        | 0.0003    |
|    loss                 | 7.74e-06  |
|    n_updates            | 400       |
|    policy_gradient_loss | -2.14e-09 |
|    value_loss           | 5.47e-05  |
---------------------------------------
---------------------------------------
| rollout/                |           |
|    ep_len_mean          | 5.01      |
|    ep_rew_mean          | -0.02     |
| time/                   |           |
|    fps                  | 0         |
|    iterations           | 42        |
|    time_elapsed         | 16656     |
|    total_timesteps      | 10752     |
| train/                  |           |
|    approx_kl            | 0.0       |
|    clip_fraction        | 0         |
|    clip_range           | 0.2       |
|    entropy_loss         | -0.0173   |
|    explained_variance   | 0         |
|    learning_rate        | 0.0003    |
|    loss                 | 1.43e-05  |
|    n_updates            | 410       |
|    policy_gradient_loss | -7.43e-09 |
|    value_loss           | 5.65e-05  |
---------------------------------------
------------------------------------------
| rollout/                |              |
|    ep_len_mean          | 5.01         |
|    ep_rew_mean          | -0.02        |
| time/                   |              |
|    fps                  | 0            |
|    iterations           | 43           |
|    time_elapsed         | 17029        |
|    total_timesteps      | 11008        |
| train/                  |              |
|    approx_kl            | 3.851019e-06 |
|    clip_fraction        | 0            |
|    clip_range           | 0.2          |
|    entropy_loss         | -0.0174      |
|    explained_variance   | 5.96e-08     |
|    learning_rate        | 0.0003       |
|    loss                 | -5.81e-05    |
|    n_updates            | 420          |
|    policy_gradient_loss | -1.68e-05    |
|    value_loss           | 5.72e-05     |
------------------------------------------
-------------------------------------------
| rollout/                |               |
|    ep_len_mean          | 5.01          |
|    ep_rew_mean          | -0.0201       |
| time/                   |               |
|    fps                  | 0             |
|    iterations           | 44            |
|    time_elapsed         | 17397         |
|    total_timesteps      | 11264         |
| train/                  |               |
|    approx_kl            | 5.4082833e-05 |
|    clip_fraction        | 0             |
|    clip_range           | 0.2           |
|    entropy_loss         | -0.0181       |
|    explained_variance   | 0             |
|    learning_rate        | 0.0003        |
|    loss                 | 9.53e-06      |
|    n_updates            | 430           |
|    policy_gradient_loss | -0.000252     |
|    value_loss           | 5.72e-05      |
-------------------------------------------
-------------------------------------------
| rollout/                |               |
|    ep_len_mean          | 5.01          |
|    ep_rew_mean          | -0.0201       |
| time/                   |               |
|    fps                  | 0             |
|    iterations           | 45            |
|    time_elapsed         | 17780         |
|    total_timesteps      | 11520         |
| train/                  |               |
|    approx_kl            | 0.00034032343 |
|    clip_fraction        | 0.00156       |
|    clip_range           | 0.2           |
|    entropy_loss         | -0.0177       |
|    explained_variance   | 0             |
|    learning_rate        | 0.0003        |
|    loss                 | -0.00411      |
|    n_updates            | 440           |
|    policy_gradient_loss | -0.00173      |
|    value_loss           | 5.79e-05      |
-------------------------------------------
-------------------------------------------
| rollout/                |               |
|    ep_len_mean          | 5             |
|    ep_rew_mean          | -0.02         |
| time/                   |               |
|    fps                  | 0             |
|    iterations           | 46            |
|    time_elapsed         | 18156         |
|    total_timesteps      | 11776         |
| train/                  |               |
|    approx_kl            | 0.00015833578 |
|    clip_fraction        | 0.00117       |
|    clip_range           | 0.2           |
|    entropy_loss         | -0.0142       |
|    explained_variance   | 5.96e-08      |
|    learning_rate        | 0.0003        |
|    loss                 | -0.00242      |
|    n_updates            | 450           |
|    policy_gradient_loss | -0.000824     |
|    value_loss           | 5.45e-05      |
-------------------------------------------
--------------------------------------
| rollout/                |          |
|    ep_len_mean          | 5.02     |
|    ep_rew_mean          | -0.0202  |
| time/                   |          |
|    fps                  | 0        |
|    iterations           | 47       |
|    time_elapsed         | 18537    |
|    total_timesteps      | 12032    |
| train/                  |          |
|    approx_kl            | 0.0      |
|    clip_fraction        | 0        |
|    clip_range           | 0.2      |
|    entropy_loss         | -0.0128  |
|    explained_variance   | 0        |
|    learning_rate        | 0.0003   |
|    loss                 | 1.28e-05 |
|    n_updates            | 460      |
|    policy_gradient_loss | 8.96e-09 |
|    value_loss           | 5.47e-05 |
--------------------------------------
-------------------------------------------
| rollout/                |               |
|    ep_len_mean          | 5.02          |
|    ep_rew_mean          | -0.0202       |
| time/                   |               |
|    fps                  | 0             |
|    iterations           | 48            |
|    time_elapsed         | 18911         |
|    total_timesteps      | 12288         |
| train/                  |               |
|    approx_kl            | 0.00034976052 |
|    clip_fraction        | 0.00273       |
|    clip_range           | 0.2           |
|    entropy_loss         | -0.0115       |
|    explained_variance   | 5.96e-08      |
|    learning_rate        | 0.0003        |
|    loss                 | -0.00625      |
|    n_updates            | 470           |
|    policy_gradient_loss | -0.00193      |
|    value_loss           | 5.84e-05      |
-------------------------------------------
---------------------------------------
| rollout/                |           |
|    ep_len_mean          | 5         |
|    ep_rew_mean          | -0.02     |
| time/                   |           |
|    fps                  | 0         |
|    iterations           | 49        |
|    time_elapsed         | 19285     |
|    total_timesteps      | 12544     |
| train/                  |           |
|    approx_kl            | 0.0       |
|    clip_fraction        | 0         |
|    clip_range           | 0.2       |
|    entropy_loss         | -0.00991  |
|    explained_variance   | 0         |
|    learning_rate        | 0.0003    |
|    loss                 | 1.69e-05  |
|    n_updates            | 480       |
|    policy_gradient_loss | -7.45e-10 |
|    value_loss           | 5.49e-05  |
---------------------------------------
-------------------------------------------
| rollout/                |               |
|    ep_len_mean          | 5.01          |
|    ep_rew_mean          | -0.02         |
| time/                   |               |
|    fps                  | 0             |
|    iterations           | 50            |
|    time_elapsed         | 19654         |
|    total_timesteps      | 12800         |
| train/                  |               |
|    approx_kl            | 2.2656284e-05 |
|    clip_fraction        | 0             |
|    clip_range           | 0.2           |
|    entropy_loss         | -0.0099       |
|    explained_variance   | 0             |
|    learning_rate        | 0.0003        |
|    loss                 | 1.81e-05      |
|    n_updates            | 490           |
|    policy_gradient_loss | -0.000134     |
|    value_loss           | 5.42e-05      |
-------------------------------------------
-------------------------------------------
| rollout/                |               |
|    ep_len_mean          | 5.02          |
|    ep_rew_mean          | -0.0201       |
| time/                   |               |
|    fps                  | 0             |
|    iterations           | 51            |
|    time_elapsed         | 20030         |
|    total_timesteps      | 13056         |
| train/                  |               |
|    approx_kl            | 4.5788707e-05 |
|    clip_fraction        | 0             |
|    clip_range           | 0.2           |
|    entropy_loss         | -0.0103       |
|    explained_variance   | -1.19e-07     |
|    learning_rate        | 0.0003        |
|    loss                 | -0.00118      |
|    n_updates            | 500           |
|    policy_gradient_loss | -0.00023      |
|    value_loss           | 5.52e-05      |
-------------------------------------------
--------------------------------------
| rollout/                |          |
|    ep_len_mean          | 5        |
|    ep_rew_mean          | -0.02    |
| time/                   |          |
|    fps                  | 0        |
|    iterations           | 52       |
|    time_elapsed         | 20404    |
|    total_timesteps      | 13312    |
| train/                  |          |
|    approx_kl            | 0.0      |
|    clip_fraction        | 0        |
|    clip_range           | 0.2      |
|    entropy_loss         | -0.00992 |
|    explained_variance   | 0        |
|    learning_rate        | 0.0003   |
|    loss                 | 1.74e-05 |
|    n_updates            | 510      |
|    policy_gradient_loss | 1.79e-09 |
|    value_loss           | 5.51e-05 |
--------------------------------------
---------------------------------------
| rollout/                |           |
|    ep_len_mean          | 5         |
|    ep_rew_mean          | -0.02     |
| time/                   |           |
|    fps                  | 0         |
|    iterations           | 53        |
|    time_elapsed         | 20773     |
|    total_timesteps      | 13568     |
| train/                  |           |
|    approx_kl            | 0.0       |
|    clip_fraction        | 0         |
|    clip_range           | 0.2       |
|    entropy_loss         | -0.00981  |
|    explained_variance   | -1.19e-07 |
|    learning_rate        | 0.0003    |
|    loss                 | 1.85e-05  |
|    n_updates            | 520       |
|    policy_gradient_loss | -2.33e-09 |
|    value_loss           | 5.44e-05  |
---------------------------------------
---------------------------------------
| rollout/                |           |
|    ep_len_mean          | 5.01      |
|    ep_rew_mean          | -0.02     |
| time/                   |           |
|    fps                  | 0         |
|    iterations           | 54        |
|    time_elapsed         | 21140     |
|    total_timesteps      | 13824     |
| train/                  |           |
|    approx_kl            | 0.0       |
|    clip_fraction        | 0         |
|    clip_range           | 0.2       |
|    entropy_loss         | -0.00979  |
|    explained_variance   | 0         |
|    learning_rate        | 0.0003    |
|    loss                 | 1.78e-05  |
|    n_updates            | 530       |
|    policy_gradient_loss | -1.63e-10 |
|    value_loss           | 5.54e-05  |
---------------------------------------
------------------------------------------
| rollout/                |              |
|    ep_len_mean          | 5.01         |
|    ep_rew_mean          | -0.02        |
| time/                   |              |
|    fps                  | 0            |
|    iterations           | 55           |
|    time_elapsed         | 21538        |
|    total_timesteps      | 14080        |
| train/                  |              |
|    approx_kl            | 4.744483e-05 |
|    clip_fraction        | 0            |
|    clip_range           | 0.2          |
|    entropy_loss         | -0.0101      |
|    explained_variance   | 0            |
|    learning_rate        | 0.0003       |
|    loss                 | 2.12e-05     |
|    n_updates            | 540          |
|    policy_gradient_loss | -0.000222    |
|    value_loss           | 5.7e-05      |
------------------------------------------
---------------------------------------
| rollout/                |           |
|    ep_len_mean          | 5         |
|    ep_rew_mean          | -0.02     |
| time/                   |           |
|    fps                  | 0         |
|    iterations           | 56        |
|    time_elapsed         | 21914     |
|    total_timesteps      | 14336     |
| train/                  |           |
|    approx_kl            | 0.0       |
|    clip_fraction        | 0         |
|    clip_range           | 0.2       |
|    entropy_loss         | -0.0109   |
|    explained_variance   | 0         |
|    learning_rate        | 0.0003    |
|    loss                 | 1.67e-05  |
|    n_updates            | 550       |
|    policy_gradient_loss | -1.12e-09 |
|    value_loss           | 5.52e-05  |
---------------------------------------
--------------------------------------
| rollout/                |          |
|    ep_len_mean          | 5        |
|    ep_rew_mean          | -0.02    |
| time/                   |          |
|    fps                  | 0        |
|    iterations           | 57       |
|    time_elapsed         | 22290    |
|    total_timesteps      | 14592    |
| train/                  |          |
|    approx_kl            | 0.0      |
|    clip_fraction        | 0        |
|    clip_range           | 0.2      |
|    entropy_loss         | -0.0111  |
|    explained_variance   | 0        |
|    learning_rate        | 0.0003   |
|    loss                 | 1.77e-05 |
|    n_updates            | 560      |
|    policy_gradient_loss | 2.56e-09 |
|    value_loss           | 5.63e-05 |
--------------------------------------
---------------------------------------
| rollout/                |           |
|    ep_len_mean          | 5         |
|    ep_rew_mean          | -0.02     |
| time/                   |           |
|    fps                  | 0         |
|    iterations           | 58        |
|    time_elapsed         | 22666     |
|    total_timesteps      | 14848     |
| train/                  |           |
|    approx_kl            | 0.0       |
|    clip_fraction        | 0         |
|    clip_range           | 0.2       |
|    entropy_loss         | -0.0112   |
|    explained_variance   | 0         |
|    learning_rate        | 0.0003    |
|    loss                 | 1.72e-05  |
|    n_updates            | 570       |
|    policy_gradient_loss | -1.63e-09 |
|    value_loss           | 5.56e-05  |
---------------------------------------
--------------------------------------
| rollout/                |          |
|    ep_len_mean          | 5        |
|    ep_rew_mean          | -0.02    |
| time/                   |          |
|    fps                  | 0        |
|    iterations           | 59       |
|    time_elapsed         | 23043    |
|    total_timesteps      | 15104    |
| train/                  |          |
|    approx_kl            | 0.0      |
|    clip_fraction        | 0        |
|    clip_range           | 0.2      |
|    entropy_loss         | -0.0112  |
|    explained_variance   | 0        |
|    learning_rate        | 0.0003   |
|    loss                 | 1.62e-05 |
|    n_updates            | 580      |
|    policy_gradient_loss | 6.19e-09 |
|    value_loss           | 5.57e-05 |
--------------------------------------
---------------------------------------
| rollout/                |           |
|    ep_len_mean          | 5         |
|    ep_rew_mean          | -0.02     |
| time/                   |           |
|    fps                  | 0         |
|    iterations           | 60        |
|    time_elapsed         | 23422     |
|    total_timesteps      | 15360     |
| train/                  |           |
|    approx_kl            | 0.0       |
|    clip_fraction        | 0         |
|    clip_range           | 0.2       |
|    entropy_loss         | -0.0112   |
|    explained_variance   | -1.19e-07 |
|    learning_rate        | 0.0003    |
|    loss                 | 1.6e-05   |
|    n_updates            | 590       |
|    policy_gradient_loss | -3.86e-09 |
|    value_loss           | 5.6e-05   |
---------------------------------------
---------------------------------------
| rollout/                |           |
|    ep_len_mean          | 5         |
|    ep_rew_mean          | -0.02     |
| time/                   |           |
|    fps                  | 0         |
|    iterations           | 61        |
|    time_elapsed         | 23793     |
|    total_timesteps      | 15616     |
| train/                  |           |
|    approx_kl            | 0.0       |
|    clip_fraction        | 0         |
|    clip_range           | 0.2       |
|    entropy_loss         | -0.0112   |
|    explained_variance   | 0         |
|    learning_rate        | 0.0003    |
|    loss                 | 1.61e-05  |
|    n_updates            | 600       |
|    policy_gradient_loss | -4.34e-09 |
|    value_loss           | 5.59e-05  |
---------------------------------------
--------------------------------------
| rollout/                |          |
|    ep_len_mean          | 5.01     |
|    ep_rew_mean          | -0.0201  |
| time/                   |          |
|    fps                  | 0        |
|    iterations           | 62       |
|    time_elapsed         | 24161    |
|    total_timesteps      | 15872    |
| train/                  |          |
|    approx_kl            | 0.0      |
|    clip_fraction        | 0        |
|    clip_range           | 0.2      |
|    entropy_loss         | -0.0112  |
|    explained_variance   | 0        |
|    learning_rate        | 0.0003   |
|    loss                 | 1.78e-05 |
|    n_updates            | 610      |
|    policy_gradient_loss | 2.79e-09 |
|    value_loss           | 5.84e-05 |
--------------------------------------
-------------------------------------------
| rollout/                |               |
|    ep_len_mean          | 5.01          |
|    ep_rew_mean          | -0.0201       |
| time/                   |               |
|    fps                  | 0             |
|    iterations           | 63            |
|    time_elapsed         | 24529         |
|    total_timesteps      | 16128         |
| train/                  |               |
|    approx_kl            | 0.00010529021 |
|    clip_fraction        | 0.000781      |
|    clip_range           | 0.2           |
|    entropy_loss         | -0.0108       |
|    explained_variance   | 0             |
|    learning_rate        | 0.0003        |
|    loss                 | 1.62e-05      |
|    n_updates            | 620           |
|    policy_gradient_loss | -0.000583     |
|    value_loss           | 5.6e-05       |
-------------------------------------------
---------------------------------------
| rollout/                |           |
|    ep_len_mean          | 5         |
|    ep_rew_mean          | -0.02     |
| time/                   |           |
|    fps                  | 0         |
|    iterations           | 64        |
|    time_elapsed         | 24912     |
|    total_timesteps      | 16384     |
| train/                  |           |
|    approx_kl            | 0.0       |
|    clip_fraction        | 0         |
|    clip_range           | 0.2       |
|    entropy_loss         | -0.00989  |
|    explained_variance   | 5.96e-08  |
|    learning_rate        | 0.0003    |
|    loss                 | 1.59e-05  |
|    n_updates            | 630       |
|    policy_gradient_loss | -5.91e-09 |
|    value_loss           | 5.58e-05  |
---------------------------------------
---------------------------------------
| rollout/                |           |
|    ep_len_mean          | 5         |
|    ep_rew_mean          | -0.02     |
| time/                   |           |
|    fps                  | 0         |
|    iterations           | 65        |
|    time_elapsed         | 25292     |
|    total_timesteps      | 16640     |
| train/                  |           |
|    approx_kl            | 0.0       |
|    clip_fraction        | 0         |
|    clip_range           | 0.2       |
|    entropy_loss         | -0.00973  |
|    explained_variance   | -1.19e-07 |
|    learning_rate        | 0.0003    |
|    loss                 | 1.59e-05  |
|    n_updates            | 640       |
|    policy_gradient_loss | -4.7e-09  |
|    value_loss           | 5.39e-05  |
---------------------------------------
--------------------------------------
| rollout/                |          |
|    ep_len_mean          | 5.01     |
|    ep_rew_mean          | -0.0201  |
| time/                   |          |
|    fps                  | 0        |
|    iterations           | 66       |
|    time_elapsed         | 25660    |
|    total_timesteps      | 16896    |
| train/                  |          |
|    approx_kl            | 0.0      |
|    clip_fraction        | 0        |
|    clip_range           | 0.2      |
|    entropy_loss         | -0.00972 |
|    explained_variance   | 0        |
|    learning_rate        | 0.0003   |
|    loss                 | 1.71e-05 |
|    n_updates            | 650      |
|    policy_gradient_loss | -1.3e-09 |
|    value_loss           | 5.77e-05 |
--------------------------------------
------------------------------------------
| rollout/                |              |
|    ep_len_mean          | 5            |
|    ep_rew_mean          | -0.02        |
| time/                   |              |
|    fps                  | 0            |
|    iterations           | 67           |
|    time_elapsed         | 26048        |
|    total_timesteps      | 17152        |
| train/                  |              |
|    approx_kl            | 0.0002450035 |
|    clip_fraction        | 0.00156      |
|    clip_range           | 0.2          |
|    entropy_loss         | -0.00912     |
|    explained_variance   | 0            |
|    learning_rate        | 0.0003       |
|    loss                 | 1.79e-05     |
|    n_updates            | 660          |
|    policy_gradient_loss | -0.00135     |
|    value_loss           | 5.65e-05     |
------------------------------------------
--------------------------------------
| rollout/                |          |
|    ep_len_mean          | 5        |
|    ep_rew_mean          | -0.02    |
| time/                   |          |
|    fps                  | 0        |
|    iterations           | 68       |
|    time_elapsed         | 26430    |
|    total_timesteps      | 17408    |
| train/                  |          |
|    approx_kl            | 0.0      |
|    clip_fraction        | 0        |
|    clip_range           | 0.2      |
|    entropy_loss         | -0.00819 |
|    explained_variance   | 0        |
|    learning_rate        | 0.0003   |
|    loss                 | 1.97e-05 |
|    n_updates            | 670      |
|    policy_gradient_loss | 3.4e-09  |
|    value_loss           | 5.61e-05 |
--------------------------------------
---------------------------------------
| rollout/                |           |
|    ep_len_mean          | 5         |
|    ep_rew_mean          | -0.02     |
| time/                   |           |
|    fps                  | 0         |
|    iterations           | 69        |
|    time_elapsed         | 26810     |
|    total_timesteps      | 17664     |
| train/                  |           |
|    approx_kl            | 0.0       |
|    clip_fraction        | 0         |
|    clip_range           | 0.2       |
|    entropy_loss         | -0.00805  |
|    explained_variance   | 0         |
|    learning_rate        | 0.0003    |
|    loss                 | 1.5e-05   |
|    n_updates            | 680       |
|    policy_gradient_loss | -7.45e-09 |
|    value_loss           | 5.45e-05  |
---------------------------------------
---------------------------------------
| rollout/                |           |
|    ep_len_mean          | 5         |
|    ep_rew_mean          | -0.02     |
| time/                   |           |
|    fps                  | 0         |
|    iterations           | 70        |
|    time_elapsed         | 27191     |
|    total_timesteps      | 17920     |
| train/                  |           |
|    approx_kl            | 0.0       |
|    clip_fraction        | 0         |
|    clip_range           | 0.2       |
|    entropy_loss         | -0.00804  |
|    explained_variance   | -1.19e-07 |
|    learning_rate        | 0.0003    |
|    loss                 | 1.86e-05  |
|    n_updates            | 690       |
|    policy_gradient_loss | -2.63e-09 |
|    value_loss           | 5.3e-05   |
---------------------------------------
--------------------------------------
| rollout/                |          |
|    ep_len_mean          | 5        |
|    ep_rew_mean          | -0.02    |
| time/                   |          |
|    fps                  | 0        |
|    iterations           | 71       |
|    time_elapsed         | 27562    |
|    total_timesteps      | 18176    |
| train/                  |          |
|    approx_kl            | 0.0      |
|    clip_fraction        | 0        |
|    clip_range           | 0.2      |
|    entropy_loss         | -0.00804 |
|    explained_variance   | 0        |
|    learning_rate        | 0.0003   |
|    loss                 | 1.85e-05 |
|    n_updates            | 700      |
|    policy_gradient_loss | 6.75e-10 |
|    value_loss           | 5.63e-05 |
--------------------------------------
--------------------------------------
| rollout/                |          |
|    ep_len_mean          | 5        |
|    ep_rew_mean          | -0.02    |
| time/                   |          |
|    fps                  | 0        |
|    iterations           | 72       |
|    time_elapsed         | 27941    |
|    total_timesteps      | 18432    |
| train/                  |          |
|    approx_kl            | 0.0      |
|    clip_fraction        | 0        |
|    clip_range           | 0.2      |
|    entropy_loss         | -0.00804 |
|    explained_variance   | 0        |
|    learning_rate        | 0.0003   |
|    loss                 | 2.23e-05 |
|    n_updates            | 710      |
|    policy_gradient_loss | 3.14e-09 |
|    value_loss           | 5.62e-05 |
--------------------------------------
---------------------------------------
| rollout/                |           |
|    ep_len_mean          | 5.01      |
|    ep_rew_mean          | -0.0201   |
| time/                   |           |
|    fps                  | 0         |
|    iterations           | 73        |
|    time_elapsed         | 28320     |
|    total_timesteps      | 18688     |
| train/                  |           |
|    approx_kl            | 0.0       |
|    clip_fraction        | 0         |
|    clip_range           | 0.2       |
|    entropy_loss         | -0.00804  |
|    explained_variance   | 0         |
|    learning_rate        | 0.0003    |
|    loss                 | 1.93e-05  |
|    n_updates            | 720       |
|    policy_gradient_loss | -7.22e-10 |
|    value_loss           | 5.5e-05   |
---------------------------------------
-------------------------------------------
| rollout/                |               |
|    ep_len_mean          | 5.01          |
|    ep_rew_mean          | -0.0201       |
| time/                   |               |
|    fps                  | 0             |
|    iterations           | 74            |
|    time_elapsed         | 28697         |
|    total_timesteps      | 18944         |
| train/                  |               |
|    approx_kl            | 0.00033467961 |
|    clip_fraction        | 0.00195       |
|    clip_range           | 0.2           |
|    entropy_loss         | -0.00727      |
|    explained_variance   | 0             |
|    learning_rate        | 0.0003        |
|    loss                 | -0.00439      |
|    n_updates            | 730           |
|    policy_gradient_loss | -0.00154      |
|    value_loss           | 5.49e-05      |
-------------------------------------------
--------------------------------------
| rollout/                |          |
|    ep_len_mean          | 5        |
|    ep_rew_mean          | -0.02    |
| time/                   |          |
|    fps                  | 0        |
|    iterations           | 75       |
|    time_elapsed         | 29078    |
|    total_timesteps      | 19200    |
| train/                  |          |
|    approx_kl            | 0.0      |
|    clip_fraction        | 0        |
|    clip_range           | 0.2      |
|    entropy_loss         | -0.00639 |
|    explained_variance   | 0        |
|    learning_rate        | 0.0003   |
|    loss                 | 2.37e-05 |
|    n_updates            | 740      |
|    policy_gradient_loss | 5.94e-10 |
|    value_loss           | 5.62e-05 |
--------------------------------------
---------------------------------------
| rollout/                |           |
|    ep_len_mean          | 5         |
|    ep_rew_mean          | -0.02     |
| time/                   |           |
|    fps                  | 0         |
|    iterations           | 76        |
|    time_elapsed         | 29458     |
|    total_timesteps      | 19456     |
| train/                  |           |
|    approx_kl            | 0.0       |
|    clip_fraction        | 0         |
|    clip_range           | 0.2       |
|    entropy_loss         | -0.00628  |
|    explained_variance   | 0         |
|    learning_rate        | 0.0003    |
|    loss                 | 2.47e-05  |
|    n_updates            | 750       |
|    policy_gradient_loss | -6.52e-10 |
|    value_loss           | 5.82e-05  |
---------------------------------------
---------------------------------------
| rollout/                |           |
|    ep_len_mean          | 5         |
|    ep_rew_mean          | -0.02     |
| time/                   |           |
|    fps                  | 0         |
|    iterations           | 77        |
|    time_elapsed         | 29826     |
|    total_timesteps      | 19712     |
| train/                  |           |
|    approx_kl            | 0.0       |
|    clip_fraction        | 0         |
|    clip_range           | 0.2       |
|    entropy_loss         | -0.00627  |
|    explained_variance   | -1.19e-07 |
|    learning_rate        | 0.0003    |
|    loss                 | 2.34e-05  |
|    n_updates            | 760       |
|    policy_gradient_loss | -7.22e-10 |
|    value_loss           | 5.45e-05  |
---------------------------------------
---------------------------------------
| rollout/                |           |
|    ep_len_mean          | 5         |
|    ep_rew_mean          | -0.02     |
| time/                   |           |
|    fps                  | 0         |
|    iterations           | 78        |
|    time_elapsed         | 30213     |
|    total_timesteps      | 19968     |
| train/                  |           |
|    approx_kl            | 0.0       |
|    clip_fraction        | 0         |
|    clip_range           | 0.2       |
|    entropy_loss         | -0.00627  |
|    explained_variance   | 0         |
|    learning_rate        | 0.0003    |
|    loss                 | 2.44e-05  |
|    n_updates            | 770       |
|    policy_gradient_loss | -2.33e-10 |
|    value_loss           | 5.8e-05   |
---------------------------------------
--------------------------------------
| rollout/                |          |
|    ep_len_mean          | 5        |
|    ep_rew_mean          | -0.02    |
| time/                   |          |
|    fps                  | 0        |
|    iterations           | 79       |
|    time_elapsed         | 30596    |
|    total_timesteps      | 20224    |
| train/                  |          |
|    approx_kl            | 0.0      |
|    clip_fraction        | 0        |
|    clip_range           | 0.2      |
|    entropy_loss         | -0.00627 |
|    explained_variance   | 0        |
|    learning_rate        | 0.0003   |
|    loss                 | 2.09e-05 |
|    n_updates            | 780      |
|    policy_gradient_loss | 3.17e-09 |
|    value_loss           | 5.67e-05 |
--------------------------------------
---------------------------------------
| rollout/                |           |
|    ep_len_mean          | 5         |
|    ep_rew_mean          | -0.02     |
| time/                   |           |
|    fps                  | 0         |
|    iterations           | 80        |
|    time_elapsed         | 30976     |
|    total_timesteps      | 20480     |
| train/                  |           |
|    approx_kl            | 0.0       |
|    clip_fraction        | 0         |
|    clip_range           | 0.2       |
|    entropy_loss         | -0.00627  |
|    explained_variance   | -1.19e-07 |
|    learning_rate        | 0.0003    |
|    loss                 | 2.13e-05  |
|    n_updates            | 790       |
|    policy_gradient_loss | -4.42e-10 |
|    value_loss           | 5.5e-05   |
---------------------------------------
--------------------------------------
| rollout/                |          |
|    ep_len_mean          | 5        |
|    ep_rew_mean          | -0.02    |
| time/                   |          |
|    fps                  | 0        |
|    iterations           | 81       |
|    time_elapsed         | 31356    |
|    total_timesteps      | 20736    |
| train/                  |          |
|    approx_kl            | 0.0      |
|    clip_fraction        | 0        |
|    clip_range           | 0.2      |
|    entropy_loss         | -0.00627 |
|    explained_variance   | 0        |
|    learning_rate        | 0.0003   |
|    loss                 | 2.22e-05 |
|    n_updates            | 800      |
|    policy_gradient_loss | 0        |
|    value_loss           | 5.7e-05  |
--------------------------------------
---------------------------------------
| rollout/                |           |
|    ep_len_mean          | 5         |
|    ep_rew_mean          | -0.02     |
| time/                   |           |
|    fps                  | 0         |
|    iterations           | 82        |
|    time_elapsed         | 31728     |
|    total_timesteps      | 20992     |
| train/                  |           |
|    approx_kl            | 0.0       |
|    clip_fraction        | 0         |
|    clip_range           | 0.2       |
|    entropy_loss         | -0.00627  |
|    explained_variance   | 0         |
|    learning_rate        | 0.0003    |
|    loss                 | 2.35e-05  |
|    n_updates            | 810       |
|    policy_gradient_loss | -4.31e-09 |
|    value_loss           | 5.68e-05  |
---------------------------------------
---------------------------------------
| rollout/                |           |
|    ep_len_mean          | 5         |
|    ep_rew_mean          | -0.02     |
| time/                   |           |
|    fps                  | 0         |
|    iterations           | 83        |
|    time_elapsed         | 32107     |
|    total_timesteps      | 21248     |
| train/                  |           |
|    approx_kl            | 0.0       |
|    clip_fraction        | 0         |
|    clip_range           | 0.2       |
|    entropy_loss         | -0.00627  |
|    explained_variance   | 5.96e-08  |
|    learning_rate        | 0.0003    |
|    loss                 | 2.26e-05  |
|    n_updates            | 820       |
|    policy_gradient_loss | -1.16e-09 |
|    value_loss           | 5.45e-05  |
---------------------------------------
---------------------------------------
| rollout/                |           |
|    ep_len_mean          | 5         |
|    ep_rew_mean          | -0.02     |
| time/                   |           |
|    fps                  | 0         |
|    iterations           | 84        |
|    time_elapsed         | 32491     |
|    total_timesteps      | 21504     |
| train/                  |           |
|    approx_kl            | 0.0       |
|    clip_fraction        | 0         |
|    clip_range           | 0.2       |
|    entropy_loss         | -0.00628  |
|    explained_variance   | 0         |
|    learning_rate        | 0.0003    |
|    loss                 | 2.01e-05  |
|    n_updates            | 830       |
|    policy_gradient_loss | -4.89e-09 |
|    value_loss           | 5.52e-05  |
---------------------------------------
---------------------------------------
| rollout/                |           |
|    ep_len_mean          | 5         |
|    ep_rew_mean          | -0.02     |
| time/                   |           |
|    fps                  | 0         |
|    iterations           | 85        |
|    time_elapsed         | 32871     |
|    total_timesteps      | 21760     |
| train/                  |           |
|    approx_kl            | 0.0       |
|    clip_fraction        | 0         |
|    clip_range           | 0.2       |
|    entropy_loss         | -0.00628  |
|    explained_variance   | 0         |
|    learning_rate        | 0.0003    |
|    loss                 | 1.98e-05  |
|    n_updates            | 840       |
|    policy_gradient_loss | -5.12e-10 |
|    value_loss           | 5.61e-05  |
---------------------------------------
-------------------------------------------
| rollout/                |               |
|    ep_len_mean          | 5             |
|    ep_rew_mean          | -0.02         |
| time/                   |               |
|    fps                  | 0             |
|    iterations           | 86            |
|    time_elapsed         | 33243         |
|    total_timesteps      | 22016         |
| train/                  |               |
|    approx_kl            | 0.00017322344 |
|    clip_fraction        | 0.00117       |
|    clip_range           | 0.2           |
|    entropy_loss         | -0.00584      |
|    explained_variance   | 0             |
|    learning_rate        | 0.0003        |
|    loss                 | -0.00226      |
|    n_updates            | 850           |
|    policy_gradient_loss | -0.000667     |
|    value_loss           | 5.62e-05      |
-------------------------------------------
---------------------------------------
| rollout/                |           |
|    ep_len_mean          | 5         |
|    ep_rew_mean          | -0.02     |
| time/                   |           |
|    fps                  | 0         |
|    iterations           | 87        |
|    time_elapsed         | 33615     |
|    total_timesteps      | 22272     |
| train/                  |           |
|    approx_kl            | 0.0       |
|    clip_fraction        | 0         |
|    clip_range           | 0.2       |
|    entropy_loss         | -0.00511  |
|    explained_variance   | 0         |
|    learning_rate        | 0.0003    |
|    loss                 | 2.16e-05  |
|    n_updates            | 860       |
|    policy_gradient_loss | -1.86e-10 |
|    value_loss           | 5.77e-05  |
---------------------------------------
--------------------------------------
| rollout/                |          |
|    ep_len_mean          | 5.01     |
|    ep_rew_mean          | -0.0201  |
| time/                   |          |
|    fps                  | 0        |
|    iterations           | 88       |
|    time_elapsed         | 33988    |
|    total_timesteps      | 22528    |
| train/                  |          |
|    approx_kl            | 0.0      |
|    clip_fraction        | 0        |
|    clip_range           | 0.2      |
|    entropy_loss         | -0.00499 |
|    explained_variance   | 0        |
|    learning_rate        | 0.0003   |
|    loss                 | 2.3e-05  |
|    n_updates            | 870      |
|    policy_gradient_loss | 4.87e-09 |
|    value_loss           | 5.77e-05 |
--------------------------------------
-------------------------------------------
| rollout/                |               |
|    ep_len_mean          | 5.01          |
|    ep_rew_mean          | -0.0201       |
| time/                   |               |
|    fps                  | 0             |
|    iterations           | 89            |
|    time_elapsed         | 34368         |
|    total_timesteps      | 22784         |
| train/                  |               |
|    approx_kl            | 0.00021100254 |
|    clip_fraction        | 0.00117       |
|    clip_range           | 0.2           |
|    entropy_loss         | -0.00467      |
|    explained_variance   | 0             |
|    learning_rate        | 0.0003        |
|    loss                 | -0.00257      |
|    n_updates            | 880           |
|    policy_gradient_loss | -0.000743     |
|    value_loss           | 5.66e-05      |
-------------------------------------------
--------------------------------------
| rollout/                |          |
|    ep_len_mean          | 5        |
|    ep_rew_mean          | -0.02    |
| time/                   |          |
|    fps                  | 0        |
|    iterations           | 90       |
|    time_elapsed         | 34740    |
|    total_timesteps      | 23040    |
| train/                  |          |
|    approx_kl            | 0.0      |
|    clip_fraction        | 0        |
|    clip_range           | 0.2      |
|    entropy_loss         | -0.00414 |
|    explained_variance   | 0        |
|    learning_rate        | 0.0003   |
|    loss                 | 2.54e-05 |
|    n_updates            | 890      |
|    policy_gradient_loss | 4.21e-09 |
|    value_loss           | 5.47e-05 |
--------------------------------------
--------------------------------------
| rollout/                |          |
|    ep_len_mean          | 5        |
|    ep_rew_mean          | -0.02    |
| time/                   |          |
|    fps                  | 0        |
|    iterations           | 91       |
|    time_elapsed         | 35107    |
|    total_timesteps      | 23296    |
| train/                  |          |
|    approx_kl            | 0.0      |
|    clip_fraction        | 0        |
|    clip_range           | 0.2      |
|    entropy_loss         | -0.00406 |
|    explained_variance   | 0        |
|    learning_rate        | 0.0003   |
|    loss                 | 2.53e-05 |
|    n_updates            | 900      |
|    policy_gradient_loss | 8.85e-10 |
|    value_loss           | 5.52e-05 |
--------------------------------------
--------------------------------------
| rollout/                |          |
|    ep_len_mean          | 5        |
|    ep_rew_mean          | -0.02    |
| time/                   |          |
|    fps                  | 0        |
|    iterations           | 92       |
|    time_elapsed         | 35475    |
|    total_timesteps      | 23552    |
| train/                  |          |
|    approx_kl            | 0.0      |
|    clip_fraction        | 0        |
|    clip_range           | 0.2      |
|    entropy_loss         | -0.00405 |
|    explained_variance   | 5.96e-08 |
|    learning_rate        | 0.0003   |
|    loss                 | 2.47e-05 |
|    n_updates            | 910      |
|    policy_gradient_loss | 5.8e-09  |
|    value_loss           | 5.38e-05 |
--------------------------------------
---------------------------------------
| rollout/                |           |
|    ep_len_mean          | 5         |
|    ep_rew_mean          | -0.02     |
| time/                   |           |
|    fps                  | 0         |
|    iterations           | 93        |
|    time_elapsed         | 35846     |
|    total_timesteps      | 23808     |
| train/                  |           |
|    approx_kl            | 0.0       |
|    clip_fraction        | 0         |
|    clip_range           | 0.2       |
|    entropy_loss         | -0.00405  |
|    explained_variance   | -1.19e-07 |
|    learning_rate        | 0.0003    |
|    loss                 | 2.36e-05  |
|    n_updates            | 920       |
|    policy_gradient_loss | 3.73e-10  |
|    value_loss           | 5.6e-05   |
---------------------------------------
---------------------------------------
| rollout/                |           |
|    ep_len_mean          | 5         |
|    ep_rew_mean          | -0.02     |
| time/                   |           |
|    fps                  | 0         |
|    iterations           | 94        |
|    time_elapsed         | 36221     |
|    total_timesteps      | 24064     |
| train/                  |           |
|    approx_kl            | 0.0       |
|    clip_fraction        | 0         |
|    clip_range           | 0.2       |
|    entropy_loss         | -0.00405  |
|    explained_variance   | 0         |
|    learning_rate        | 0.0003    |
|    loss                 | 3.4e-05   |
|    n_updates            | 930       |
|    policy_gradient_loss | -4.66e-11 |
|    value_loss           | 5.94e-05  |
---------------------------------------
--------------------------------------
| rollout/                |          |
|    ep_len_mean          | 5        |
|    ep_rew_mean          | -0.02    |
| time/                   |          |
|    fps                  | 0        |
|    iterations           | 95       |
|    time_elapsed         | 36600    |
|    total_timesteps      | 24320    |
| train/                  |          |
|    approx_kl            | 0.0      |
|    clip_fraction        | 0        |
|    clip_range           | 0.2      |
|    entropy_loss         | -0.00405 |
|    explained_variance   | 0        |
|    learning_rate        | 0.0003   |
|    loss                 | 2.55e-05 |
|    n_updates            | 940      |
|    policy_gradient_loss | 2.79e-09 |
|    value_loss           | 5.81e-05 |
--------------------------------------
---------------------------------------
| rollout/                |           |
|    ep_len_mean          | 5         |
|    ep_rew_mean          | -0.02     |
| time/                   |           |
|    fps                  | 0         |
|    iterations           | 96        |
|    time_elapsed         | 36968     |
|    total_timesteps      | 24576     |
| train/                  |           |
|    approx_kl            | 0.0       |
|    clip_fraction        | 0         |
|    clip_range           | 0.2       |
|    entropy_loss         | -0.00405  |
|    explained_variance   | 0         |
|    learning_rate        | 0.0003    |
|    loss                 | 2.47e-05  |
|    n_updates            | 950       |
|    policy_gradient_loss | -3.12e-09 |
|    value_loss           | 5.66e-05  |
---------------------------------------
--------------------------------------
| rollout/                |          |
|    ep_len_mean          | 5        |
|    ep_rew_mean          | -0.02    |
| time/                   |          |
|    fps                  | 0        |
|    iterations           | 97       |
|    time_elapsed         | 37340    |
|    total_timesteps      | 24832    |
| train/                  |          |
|    approx_kl            | 0.0      |
|    clip_fraction        | 0        |
|    clip_range           | 0.2      |
|    entropy_loss         | -0.00405 |
|    explained_variance   | 0        |
|    learning_rate        | 0.0003   |
|    loss                 | 2.25e-05 |
|    n_updates            | 960      |
|    policy_gradient_loss | 4.06e-09 |
|    value_loss           | 5.75e-05 |
--------------------------------------
---------------------------------------
| rollout/                |           |
|    ep_len_mean          | 5         |
|    ep_rew_mean          | -0.02     |
| time/                   |           |
|    fps                  | 0         |
|    iterations           | 98        |
|    time_elapsed         | 37708     |
|    total_timesteps      | 25088     |
| train/                  |           |
|    approx_kl            | 0.0       |
|    clip_fraction        | 0         |
|    clip_range           | 0.2       |
|    entropy_loss         | -0.00405  |
|    explained_variance   | 0         |
|    learning_rate        | 0.0003    |
|    loss                 | 2.43e-05  |
|    n_updates            | 970       |
|    policy_gradient_loss | -3.03e-10 |
|    value_loss           | 5.78e-05  |
---------------------------------------
--------------------------------------
| rollout/                |          |
|    ep_len_mean          | 5        |
|    ep_rew_mean          | -0.02    |
| time/                   |          |
|    fps                  | 0        |
|    iterations           | 99       |
|    time_elapsed         | 38087    |
|    total_timesteps      | 25344    |
| train/                  |          |
|    approx_kl            | 0.0      |
|    clip_fraction        | 0        |
|    clip_range           | 0.2      |
|    entropy_loss         | -0.00405 |
|    explained_variance   | 0        |
|    learning_rate        | 0.0003   |
|    loss                 | 2.73e-05 |
|    n_updates            | 980      |
|    policy_gradient_loss | 6.1e-09  |
|    value_loss           | 5.88e-05 |
--------------------------------------
---------------------------------------
| rollout/                |           |
|    ep_len_mean          | 5         |
|    ep_rew_mean          | -0.02     |
| time/                   |           |
|    fps                  | 0         |
|    iterations           | 100       |
|    time_elapsed         | 38455     |
|    total_timesteps      | 25600     |
| train/                  |           |
|    approx_kl            | 0.0       |
|    clip_fraction        | 0         |
|    clip_range           | 0.2       |
|    entropy_loss         | -0.00405  |
|    explained_variance   | -1.19e-07 |
|    learning_rate        | 0.0003    |
|    loss                 | 2.4e-05   |
|    n_updates            | 990       |
|    policy_gradient_loss | -5.76e-09 |
|    value_loss           | 5.8e-05   |
---------------------------------------
---------------------------------------
| rollout/                |           |
|    ep_len_mean          | 5         |
|    ep_rew_mean          | -0.02     |
| time/                   |           |
|    fps                  | 0         |
|    iterations           | 101       |
|    time_elapsed         | 38823     |
|    total_timesteps      | 25856     |
| train/                  |           |
|    approx_kl            | 0.0       |
|    clip_fraction        | 0         |
|    clip_range           | 0.2       |
|    entropy_loss         | -0.00405  |
|    explained_variance   | 0         |
|    learning_rate        | 0.0003    |
|    loss                 | 2.27e-05  |
|    n_updates            | 1000      |
|    policy_gradient_loss | -2.79e-10 |
|    value_loss           | 5.55e-05  |
---------------------------------------
--------------------------------------
| rollout/                |          |
|    ep_len_mean          | 5.01     |
|    ep_rew_mean          | -0.02    |
| time/                   |          |
|    fps                  | 0        |
|    iterations           | 102      |
|    time_elapsed         | 39194    |
|    total_timesteps      | 26112    |
| train/                  |          |
|    approx_kl            | 0.0      |
|    clip_fraction        | 0        |
|    clip_range           | 0.2      |
|    entropy_loss         | -0.00405 |
|    explained_variance   | 0        |
|    learning_rate        | 0.0003   |
|    loss                 | 2.96e-05 |
|    n_updates            | 1010     |
|    policy_gradient_loss | 2.7e-09  |
|    value_loss           | 5.59e-05 |
--------------------------------------
-------------------------------------------
| rollout/                |               |
|    ep_len_mean          | 5.01          |
|    ep_rew_mean          | -0.02         |
| time/                   |               |
|    fps                  | 0             |
|    iterations           | 103           |
|    time_elapsed         | 39566         |
|    total_timesteps      | 26368         |
| train/                  |               |
|    approx_kl            | 1.2552366e-05 |
|    clip_fraction        | 0             |
|    clip_range           | 0.2           |
|    entropy_loss         | -0.00413      |
|    explained_variance   | 0             |
|    learning_rate        | 0.0003        |
|    loss                 | 2.86e-05      |
|    n_updates            | 1020          |
|    policy_gradient_loss | -3.68e-05     |
|    value_loss           | 6.02e-05      |
-------------------------------------------
---------------------------------------
| rollout/                |           |
|    ep_len_mean          | 5         |
|    ep_rew_mean          | -0.02     |
| time/                   |           |
|    fps                  | 0         |
|    iterations           | 104       |
|    time_elapsed         | 39937     |
|    total_timesteps      | 26624     |
| train/                  |           |
|    approx_kl            | 0.0       |
|    clip_fraction        | 0         |
|    clip_range           | 0.2       |
|    entropy_loss         | -0.00434  |
|    explained_variance   | 0         |
|    learning_rate        | 0.0003    |
|    loss                 | 2.27e-05  |
|    n_updates            | 1030      |
|    policy_gradient_loss | -3.03e-09 |
|    value_loss           | 5.8e-05   |
---------------------------------------
---------------------------------------
| rollout/                |           |
|    ep_len_mean          | 5         |
|    ep_rew_mean          | -0.02     |
| time/                   |           |
|    fps                  | 0         |
|    iterations           | 105       |
|    time_elapsed         | 40319     |
|    total_timesteps      | 26880     |
| train/                  |           |
|    approx_kl            | 0.0       |
|    clip_fraction        | 0         |
|    clip_range           | 0.2       |
|    entropy_loss         | -0.0044   |
|    explained_variance   | -1.19e-07 |
|    learning_rate        | 0.0003    |
|    loss                 | 2.31e-05  |
|    n_updates            | 1040      |
|    policy_gradient_loss | -3.26e-10 |
|    value_loss           | 5.53e-05  |
---------------------------------------
---------------------------------------
| rollout/                |           |
|    ep_len_mean          | 5         |
|    ep_rew_mean          | -0.02     |
| time/                   |           |
|    fps                  | 0         |
|    iterations           | 106       |
|    time_elapsed         | 40686     |
|    total_timesteps      | 27136     |
| train/                  |           |
|    approx_kl            | 0.0       |
|    clip_fraction        | 0         |
|    clip_range           | 0.2       |
|    entropy_loss         | -0.00441  |
|    explained_variance   | 0         |
|    learning_rate        | 0.0003    |
|    loss                 | 2.28e-05  |
|    n_updates            | 1050      |
|    policy_gradient_loss | -6.89e-09 |
|    value_loss           | 5.61e-05  |
---------------------------------------
---------------------------------------
| rollout/                |           |
|    ep_len_mean          | 5         |
|    ep_rew_mean          | -0.02     |
| time/                   |           |
|    fps                  | 0         |
|    iterations           | 107       |
|    time_elapsed         | 41055     |
|    total_timesteps      | 27392     |
| train/                  |           |
|    approx_kl            | 0.0       |
|    clip_fraction        | 0         |
|    clip_range           | 0.2       |
|    entropy_loss         | -0.00441  |
|    explained_variance   | 0         |
|    learning_rate        | 0.0003    |
|    loss                 | 2.42e-05  |
|    n_updates            | 1060      |
|    policy_gradient_loss | -3.12e-09 |
|    value_loss           | 5.59e-05  |
---------------------------------------
--------------------------------------
| rollout/                |          |
|    ep_len_mean          | 5        |
|    ep_rew_mean          | -0.02    |
| time/                   |          |
|    fps                  | 0        |
|    iterations           | 108      |
|    time_elapsed         | 41444    |
|    total_timesteps      | 27648    |
| train/                  |          |
|    approx_kl            | 0.0      |
|    clip_fraction        | 0        |
|    clip_range           | 0.2      |
|    entropy_loss         | -0.00441 |
|    explained_variance   | 0        |
|    learning_rate        | 0.0003   |
|    loss                 | 2.45e-05 |
|    n_updates            | 1070     |
|    policy_gradient_loss | 4.7e-09  |
|    value_loss           | 5.59e-05 |
--------------------------------------
---------------------------------------
| rollout/                |           |
|    ep_len_mean          | 5         |
|    ep_rew_mean          | -0.02     |
| time/                   |           |
|    fps                  | 0         |
|    iterations           | 109       |
|    time_elapsed         | 41815     |
|    total_timesteps      | 27904     |
| train/                  |           |
|    approx_kl            | 0.0       |
|    clip_fraction        | 0         |
|    clip_range           | 0.2       |
|    entropy_loss         | -0.00441  |
|    explained_variance   | 0         |
|    learning_rate        | 0.0003    |
|    loss                 | 2.54e-05  |
|    n_updates            | 1080      |
|    policy_gradient_loss | -6.33e-09 |
|    value_loss           | 5.99e-05  |
---------------------------------------
---------------------------------------
| rollout/                |           |
|    ep_len_mean          | 5         |
|    ep_rew_mean          | -0.02     |
| time/                   |           |
|    fps                  | 0         |
|    iterations           | 110       |
|    time_elapsed         | 42203     |
|    total_timesteps      | 28160     |
| train/                  |           |
|    approx_kl            | 0.0       |
|    clip_fraction        | 0         |
|    clip_range           | 0.2       |
|    entropy_loss         | -0.00441  |
|    explained_variance   | 0         |
|    learning_rate        | 0.0003    |
|    loss                 | 2.33e-05  |
|    n_updates            | 1090      |
|    policy_gradient_loss | -8.38e-10 |
|    value_loss           | 6e-05     |
---------------------------------------
---------------------------------------
| rollout/                |           |
|    ep_len_mean          | 5         |
|    ep_rew_mean          | -0.02     |
| time/                   |           |
|    fps                  | 0         |
|    iterations           | 111       |
|    time_elapsed         | 42583     |
|    total_timesteps      | 28416     |
| train/                  |           |
|    approx_kl            | 0.0       |
|    clip_fraction        | 0         |
|    clip_range           | 0.2       |
|    entropy_loss         | -0.00441  |
|    explained_variance   | 1.19e-07  |
|    learning_rate        | 0.0003    |
|    loss                 | 2.34e-05  |
|    n_updates            | 1100      |
|    policy_gradient_loss | -5.36e-10 |
|    value_loss           | 5.48e-05  |
---------------------------------------
--------------------------------------
| rollout/                |          |
|    ep_len_mean          | 5        |
|    ep_rew_mean          | -0.02    |
| time/                   |          |
|    fps                  | 0        |
|    iterations           | 112      |
|    time_elapsed         | 42964    |
|    total_timesteps      | 28672    |
| train/                  |          |
|    approx_kl            | 0.0      |
|    clip_fraction        | 0        |
|    clip_range           | 0.2      |
|    entropy_loss         | -0.00441 |
|    explained_variance   | 0        |
|    learning_rate        | 0.0003   |
|    loss                 | 2.26e-05 |
|    n_updates            | 1110     |
|    policy_gradient_loss | 1.16e-09 |
|    value_loss           | 5.77e-05 |
--------------------------------------
---------------------------------------
| rollout/                |           |
|    ep_len_mean          | 5         |
|    ep_rew_mean          | -0.02     |
| time/                   |           |
|    fps                  | 0         |
|    iterations           | 113       |
|    time_elapsed         | 43341     |
|    total_timesteps      | 28928     |
| train/                  |           |
|    approx_kl            | 0.0       |
|    clip_fraction        | 0         |
|    clip_range           | 0.2       |
|    entropy_loss         | -0.00442  |
|    explained_variance   | 0         |
|    learning_rate        | 0.0003    |
|    loss                 | 2.23e-05  |
|    n_updates            | 1120      |
|    policy_gradient_loss | -1.26e-09 |
|    value_loss           | 5.76e-05  |
---------------------------------------
---------------------------------------
| rollout/                |           |
|    ep_len_mean          | 5         |
|    ep_rew_mean          | -0.02     |
| time/                   |           |
|    fps                  | 0         |
|    iterations           | 114       |
|    time_elapsed         | 43721     |
|    total_timesteps      | 29184     |
| train/                  |           |
|    approx_kl            | 0.0       |
|    clip_fraction        | 0         |
|    clip_range           | 0.2       |
|    entropy_loss         | -0.00442  |
|    explained_variance   | -1.19e-07 |
|    learning_rate        | 0.0003    |
|    loss                 | 2.56e-05  |
|    n_updates            | 1130      |
|    policy_gradient_loss | -6.05e-10 |
|    value_loss           | 5.71e-05  |
---------------------------------------
--------------------------------------
| rollout/                |          |
|    ep_len_mean          | 5        |
|    ep_rew_mean          | -0.02    |
| time/                   |          |
|    fps                  | 0        |
|    iterations           | 115      |
|    time_elapsed         | 44113    |
|    total_timesteps      | 29440    |
| train/                  |          |
|    approx_kl            | 0.0      |
|    clip_fraction        | 0        |
|    clip_range           | 0.2      |
|    entropy_loss         | -0.00442 |
|    explained_variance   | 0        |
|    learning_rate        | 0.0003   |
|    loss                 | 2.79e-05 |
|    n_updates            | 1140     |
|    policy_gradient_loss | 1.75e-09 |
|    value_loss           | 6.01e-05 |
--------------------------------------
---------------------------------------
| rollout/                |           |
|    ep_len_mean          | 5         |
|    ep_rew_mean          | -0.02     |
| time/                   |           |
|    fps                  | 0         |
|    iterations           | 116       |
|    time_elapsed         | 44493     |
|    total_timesteps      | 29696     |
| train/                  |           |
|    approx_kl            | 0.0       |
|    clip_fraction        | 0         |
|    clip_range           | 0.2       |
|    entropy_loss         | -0.00442  |
|    explained_variance   | 0         |
|    learning_rate        | 0.0003    |
|    loss                 | 2.26e-05  |
|    n_updates            | 1150      |
|    policy_gradient_loss | -7.17e-09 |
|    value_loss           | 5.75e-05  |
---------------------------------------
--------------------------------------
| rollout/                |          |
|    ep_len_mean          | 5.01     |
|    ep_rew_mean          | -0.0201  |
| time/                   |          |
|    fps                  | 0        |
|    iterations           | 117      |
|    time_elapsed         | 44873    |
|    total_timesteps      | 29952    |
| train/                  |          |
|    approx_kl            | 0.0      |
|    clip_fraction        | 0        |
|    clip_range           | 0.2      |
|    entropy_loss         | -0.00442 |
|    explained_variance   | 0        |
|    learning_rate        | 0.0003   |
|    loss                 | 2.73e-05 |
|    n_updates            | 1160     |
|    policy_gradient_loss | -6.8e-09 |
|    value_loss           | 5.62e-05 |
--------------------------------------
------------------------------------------
| rollout/                |              |
|    ep_len_mean          | 5.01         |
|    ep_rew_mean          | -0.0201      |
| time/                   |              |
|    fps                  | 0            |
|    iterations           | 118          |
|    time_elapsed         | 45248        |
|    total_timesteps      | 30208        |
| train/                  |              |
|    approx_kl            | 0.0002642821 |
|    clip_fraction        | 0.00156      |
|    clip_range           | 0.2          |
|    entropy_loss         | -0.00412     |
|    explained_variance   | 5.96e-08     |
|    learning_rate        | 0.0003       |
|    loss                 | 2.23e-05     |
|    n_updates            | 1170         |
|    policy_gradient_loss | -0.000823    |
|    value_loss           | 6.42e-05     |
------------------------------------------
